country,transition,cohort,n,birth_cutoff,ascriptive,ascriptive_se,civic_minus_ethnic,anti_immigrant
Taiwan,1996,Democratic-socialized (12-25 post-transition),426,1984,0.32755663209961494,0.01035605547061288,0.4923291367120554,0.3925690688386964
Taiwan,1996,Earlier cohort,1137,1984,0.4618801172458734,0.00759075471719545,0.4085392825695046,0.4697247518496765
South Korea,1987,Democratic-socialized (12-25 post-transition),491,1975,0.5543048595703104,0.009926030446607195,0.18064335988828567,0.5477051569273597
South Korea,1987,Earlier cohort,739,1975,0.6107061059590013,0.0067124289057225155,0.15893187491074406,0.5497147737705735
